"","speccode","AUCtest_tmp_seas.1_P.1","AUCtest_tmp_seas.1_P.2","AUCtest_tmp_seas.1_P.3","AUCtest_tmp_seas.2_P.1","AUCtest_tmp_seas.2_P.2","AUCtest_tmp_seas.2_P.3","AUCtest_pre_seas.1_P.1","AUCtest_pre_seas.1_P.2","AUCtest_pre_seas.1_P.3","AUCtest_pre_seas.2_P.1","AUCtest_pre_seas.2_P.2","AUCtest_pre_seas.2_P.3","AUCtest_pForest_P.1","AUCtest_pGrass_P.1","AUCtest_pCrop_P.1","AUCtest_pSettlem_P.1","AUCtest_pForest_P.2","AUCtest_pGrass_P.2","AUCtest_pCrop_P.2","AUCtest_pSettlem_P.2","AUCtest_pForest_P.3","AUCtest_pGrass_P.3","AUCtest_pCrop_P.3","AUCtest_pSettlem_P.3","corTest_tmp_seas.1_P.1","corTest_tmp_seas.1_P.2","corTest_tmp_seas.1_P.3","corTest_tmp_seas.2_P.1","corTest_tmp_seas.2_P.2","corTest_tmp_seas.2_P.3","corTest_pre_seas.1_P.1","corTest_pre_seas.1_P.2","corTest_pre_seas.1_P.3","corTest_pre_seas.2_P.1","corTest_pre_seas.2_P.2","corTest_pre_seas.2_P.3","corTest_pForest_P.1","corTest_pGrass_P.1","corTest_pCrop_P.1","corTest_pSettlem_P.1","corTest_pForest_P.2","corTest_pGrass_P.2","corTest_pCrop_P.2","corTest_pSettlem_P.2","corTest_pForest_P.3","corTest_pGrass_P.3","corTest_pCrop_P.3","corTest_pSettlem_P.3"
"1",1,0.31184,NA,NA,0.594692,NA,NA,0.106208,NA,NA,0.20392,NA,NA,0.005272,0.056308,0.176548,0.050824,NA,NA,NA,NA,NA,NA,NA,NA,0.56969,NA,NA,0.700402,NA,NA,0.20541,NA,NA,0.309742,NA,NA,0.016242,0.13497,0.233776,0.070184,NA,NA,NA,NA,NA,NA,NA,NA
"2",2,0.178388,NA,NA,0.55078,NA,NA,0.089876,NA,NA,0.43572,NA,NA,0.006572,0.087056,0.207608,0.15712,NA,NA,NA,NA,NA,NA,NA,NA,0.38578,NA,NA,0.736714,NA,NA,0.216618,NA,NA,0.609062,NA,NA,0.035828,0.168622,0.257352,0.159154,NA,NA,NA,NA,NA,NA,NA,NA
"3",6,0.134944,NA,NA,0.24168,NA,NA,0.187596,NA,NA,0.05138,NA,NA,0.013972,0.038868,0.128728,0.115296,NA,NA,NA,NA,NA,NA,NA,NA,0.204632,NA,NA,0.404416,NA,NA,0.322276,NA,NA,0.077628,NA,NA,0.017874,0.05815,0.226696,0.190982,NA,NA,NA,NA,NA,NA,NA,NA
"4",7,0.191164,NA,NA,0.302256,NA,NA,0.157248,NA,NA,0.046476,NA,NA,0.012752,0.062224,0.165992,0.172204,NA,NA,NA,NA,NA,NA,NA,NA,0.264752,NA,NA,0.456052,NA,NA,0.23698,NA,NA,0.06097,NA,NA,0.016508,0.071222,0.272032,0.336386,NA,NA,NA,NA,NA,NA,NA,NA
"5",12,0.308584,NA,NA,0.173292,NA,NA,0.049568,NA,NA,0.064492,NA,NA,0.107148,0.228692,0.253604,0.040064,NA,NA,NA,NA,NA,NA,NA,NA,0.378792,NA,NA,0.264488,NA,NA,0.081676,NA,NA,0.10749,NA,NA,0.179814,0.357388,0.288314,0.048918,NA,NA,NA,NA,NA,NA,NA,NA
"6",26,0.321264,NA,NA,0.143804,NA,NA,0.065404,NA,NA,0.153732,NA,NA,0.00814,0.185792,0.180852,0.071,NA,NA,NA,NA,NA,NA,NA,NA,0.488956,NA,NA,0.232128,NA,NA,0.148144,NA,NA,0.236614,NA,NA,0.034252,0.302654,0.179156,0.086396,NA,NA,NA,NA,NA,NA,NA,NA
"7",27,0.478384,NA,NA,0.27364,NA,NA,0.04828,NA,NA,0.045276,NA,NA,0.01324,0.155936,0.049176,0.057768,NA,NA,NA,NA,NA,NA,NA,NA,0.568902,NA,NA,0.389256,NA,NA,0.110956,NA,NA,0.063426,NA,NA,0.030028,0.26709,0.084282,0.099224,NA,NA,NA,NA,NA,NA,NA,NA
"8",39,0.060696,NA,NA,0.054208,NA,NA,0.094616,NA,NA,0.170936,NA,NA,0.07522,0.225012,0.098364,0.012404,NA,NA,NA,NA,NA,NA,NA,NA,0.126144,NA,NA,0.099674,NA,NA,0.30836,NA,NA,0.437538,NA,NA,0.199932,0.640276,0.36584,0.044336,NA,NA,NA,NA,NA,NA,NA,NA
"9",46,0.089792,NA,NA,0.222768,NA,NA,0.051596,NA,NA,0.034204,NA,NA,0.026248,0.0393,0.252812,0.064396,NA,NA,NA,NA,NA,NA,NA,NA,0.132076,NA,NA,0.36094,NA,NA,0.085282,NA,NA,0.049914,NA,NA,0.036368,0.055372,0.375914,0.093324,NA,NA,NA,NA,NA,NA,NA,NA
"10",53,0.113232,NA,NA,0.204308,NA,NA,0.133952,NA,NA,0.213028,NA,NA,0.045772,0.065656,0.083492,0.02672,NA,NA,NA,NA,NA,NA,NA,NA,0.471884,NA,NA,0.646742,NA,NA,0.396942,NA,NA,0.702146,NA,NA,0.221746,0.15984,0.188598,0.027064,NA,NA,NA,NA,NA,NA,NA,NA
"11",55,0.137008,NA,NA,0.392932,NA,NA,0.217004,NA,NA,0.0548,NA,NA,0.011624,0.04384,0.18436,0.048892,NA,NA,NA,NA,NA,NA,NA,NA,0.227362,NA,NA,0.559212,NA,NA,0.342238,NA,NA,0.086644,NA,NA,0.016758,0.056308,0.330486,0.12454,NA,NA,NA,NA,NA,NA,NA,NA
"12",61,0.066992,NA,NA,0.080616,NA,NA,0.107736,NA,NA,0.15254,NA,NA,0.08832,0.435472,0.164264,0.07506,NA,NA,NA,NA,NA,NA,NA,NA,0.101618,NA,NA,0.108844,NA,NA,0.146514,NA,NA,0.227436,NA,NA,0.108786,0.645802,0.281,0.100604,NA,NA,NA,NA,NA,NA,NA,NA
"13",64,0.100708,NA,NA,0.273752,NA,NA,0.053808,NA,NA,0.054312,NA,NA,0.039868,0.041408,0.0158,0.042072,NA,NA,NA,NA,NA,NA,NA,NA,0.308548,NA,NA,0.565954,NA,NA,0.09181,NA,NA,0.122604,NA,NA,0.127416,0.044686,0.021136,0.037586,NA,NA,NA,NA,NA,NA,NA,NA
"14",66,0.219284,NA,NA,0.318516,NA,NA,0.06212,NA,NA,0.308,NA,NA,0.1051,0.082128,0.125932,0.011772,NA,NA,NA,NA,NA,NA,NA,NA,0.577224,NA,NA,0.645858,NA,NA,0.256414,NA,NA,0.641218,NA,NA,0.199646,0.154246,0.193944,0.100072,NA,NA,NA,NA,NA,NA,NA,NA
"15",68,0.199364,NA,NA,0.103808,NA,NA,0.021244,NA,NA,0.063544,NA,NA,0.016928,0.103056,0.045424,0.00628,NA,NA,NA,NA,NA,NA,NA,NA,0.473766,NA,NA,0.212682,NA,NA,0.03835,NA,NA,0.15984,NA,NA,0.040162,0.232116,0.081856,0.016494,NA,NA,NA,NA,NA,NA,NA,NA
"16",69,0.096852,NA,NA,0.048224,NA,NA,0.025076,NA,NA,0.016476,NA,NA,0.08074,0.26674,0.416928,0.03994,NA,NA,NA,NA,NA,NA,NA,NA,0.189058,NA,NA,0.079402,NA,NA,0.06883,NA,NA,0.062056,NA,NA,0.156158,0.564312,0.484026,0.05072,NA,NA,NA,NA,NA,NA,NA,NA
"17",71,0.060464,NA,NA,0.174824,NA,NA,0.089456,NA,NA,0.077312,NA,NA,0.078648,0.080104,0.04086,0.027332,NA,NA,NA,NA,NA,NA,NA,NA,0.225332,NA,NA,0.70301,NA,NA,0.264602,NA,NA,0.229874,NA,NA,0.19164,0.178532,0.154594,0.166232,NA,NA,NA,NA,NA,NA,NA,NA
"18",72,0.087436,NA,NA,0.237196,NA,NA,0.049176,NA,NA,0.033624,NA,NA,0.095632,0.108512,0.154848,0.027028,NA,NA,NA,NA,NA,NA,NA,NA,0.269034,NA,NA,0.417346,NA,NA,0.09627,NA,NA,0.105628,NA,NA,0.172038,0.205738,0.251594,0.14714,NA,NA,NA,NA,NA,NA,NA,NA
"19",74,0.095132,NA,NA,0.130804,NA,NA,0.214688,NA,NA,0.021432,NA,NA,0.084528,0.106964,0.160492,0.016856,NA,NA,NA,NA,NA,NA,NA,NA,0.206854,NA,NA,0.259178,NA,NA,0.34356,NA,NA,0.052332,NA,NA,0.112942,0.147978,0.34428,0.062522,NA,NA,NA,NA,NA,NA,NA,NA
"20",76,0.134872,NA,NA,0.123524,NA,NA,0.100312,NA,NA,0.076436,NA,NA,0.021824,0.048168,0.115016,0.10606,NA,NA,NA,NA,NA,NA,NA,NA,0.228634,NA,NA,0.246638,NA,NA,0.136846,NA,NA,0.138872,NA,NA,0.022614,0.032966,0.184176,0.436242,NA,NA,NA,NA,NA,NA,NA,NA
"21",79,0.161588,NA,NA,0.11908,NA,NA,0.224104,NA,NA,0.026528,NA,NA,0.013536,0.04816,0.12054,0.064736,NA,NA,NA,NA,NA,NA,NA,NA,0.270598,NA,NA,0.22093,NA,NA,0.398728,NA,NA,0.05012,NA,NA,0.021058,0.09442,0.217334,0.109882,NA,NA,NA,NA,NA,NA,NA,NA
"22",81,0.305376,NA,NA,0.601108,NA,NA,0.095828,NA,NA,0.243728,NA,NA,0.0077,0.138456,0.090028,0.013692,NA,NA,NA,NA,NA,NA,NA,NA,0.471618,NA,NA,0.71691,NA,NA,0.178582,NA,NA,0.310078,NA,NA,0.020002,0.217506,0.1118,0.029676,NA,NA,NA,NA,NA,NA,NA,NA
"23",94,0.163332,NA,NA,0.56668,NA,NA,0.082076,NA,NA,0.37508,NA,NA,0.020844,0.053852,0.035244,0.035516,NA,NA,NA,NA,NA,NA,NA,NA,0.264618,NA,NA,0.69204,NA,NA,0.15466,NA,NA,0.496362,NA,NA,0.03996,0.109084,0.062316,0.043914,NA,NA,NA,NA,NA,NA,NA,NA
"24",95,0.212512,NA,NA,0.11844,NA,NA,0.033264,NA,NA,0.072188,NA,NA,0.063748,0.029024,0.031624,0.03978,NA,NA,NA,NA,NA,NA,NA,NA,0.383528,NA,NA,0.141222,NA,NA,0.072226,NA,NA,0.135904,NA,NA,0.135088,0.036816,0.05229,0.05799,NA,NA,NA,NA,NA,NA,NA,NA
"25",105,0.06756,NA,NA,0.330832,NA,NA,0.11174,NA,NA,0.072488,NA,NA,0.128648,0.060116,0.138088,0.028984,NA,NA,NA,NA,NA,NA,NA,NA,0.15155,NA,NA,0.428808,NA,NA,0.176584,NA,NA,0.137892,NA,NA,0.39608,0.055408,0.159744,0.035392,NA,NA,NA,NA,NA,NA,NA,NA
"26",109,0.098172,NA,NA,0.205004,NA,NA,0.223124,NA,NA,0.14464,NA,NA,0.203068,0.236468,0.0795,0.0109,NA,NA,NA,NA,NA,NA,NA,NA,0.173886,NA,NA,0.343916,NA,NA,0.338396,NA,NA,0.25836,NA,NA,0.345246,0.38765,0.142666,0.023864,NA,NA,NA,NA,NA,NA,NA,NA
"27",110,0.127052,NA,NA,0.076104,NA,NA,0.220076,NA,NA,0.12492,NA,NA,0.105528,0.1923,0.065684,0.02788,NA,NA,NA,NA,NA,NA,NA,NA,0.17047,NA,NA,0.099336,NA,NA,0.297502,NA,NA,0.163716,NA,NA,0.127946,0.282568,0.088222,0.046034,NA,NA,NA,NA,NA,NA,NA,NA
"28",113,0.086052,NA,NA,0.420484,NA,NA,0.092812,NA,NA,0.452236,NA,NA,0.008544,0.021468,0.234252,0.105816,NA,NA,NA,NA,NA,NA,NA,NA,0.200424,NA,NA,0.553724,NA,NA,0.211448,NA,NA,0.656094,NA,NA,0.027176,0.05418,0.23312,0.13374,NA,NA,NA,NA,NA,NA,NA,NA
"29",116,0.244012,NA,NA,0.470368,NA,NA,0.076728,NA,NA,0.13754,NA,NA,0.081912,0.106732,0.064808,0.06544,NA,NA,NA,NA,NA,NA,NA,NA,0.468988,NA,NA,0.623084,NA,NA,0.213402,NA,NA,0.218478,NA,NA,0.22371,0.244232,0.110694,0.055554,NA,NA,NA,NA,NA,NA,NA,NA
"30",119,0.023168,NA,NA,0.08586,NA,NA,0.020216,NA,NA,0.057948,NA,NA,0.017284,0.262216,0.18572,0.011932,NA,NA,NA,NA,NA,NA,NA,NA,0.066546,NA,NA,0.18644,NA,NA,0.035662,NA,NA,0.100012,NA,NA,0.084816,0.426622,0.267186,0.014296,NA,NA,NA,NA,NA,NA,NA,NA
"31",120,0.0985,NA,NA,0.398956,NA,NA,0.11852,NA,NA,0.33088,NA,NA,0.06512,0.08004,0.230804,0.042536,NA,NA,NA,NA,NA,NA,NA,NA,0.194782,NA,NA,0.594924,NA,NA,0.272212,NA,NA,0.435158,NA,NA,0.19941,0.12541,0.442968,0.120444,NA,NA,NA,NA,NA,NA,NA,NA
"32",124,0.069064,NA,NA,0.219296,NA,NA,0.047476,NA,NA,0.065124,NA,NA,0.01554,0.057376,0.204736,0.091364,NA,NA,NA,NA,NA,NA,NA,NA,0.14776,NA,NA,0.373536,NA,NA,0.088148,NA,NA,0.081586,NA,NA,0.031026,0.068256,0.232766,0.113686,NA,NA,NA,NA,NA,NA,NA,NA
"33",125,0.04664,NA,NA,0.102616,NA,NA,0.014712,NA,NA,0.018028,NA,NA,0.021632,0.202032,0.167792,0.003808,NA,NA,NA,NA,NA,NA,NA,NA,0.05816,NA,NA,0.14839,NA,NA,0.025616,NA,NA,0.021904,NA,NA,0.03191,0.311352,0.188278,0.005274,NA,NA,NA,NA,NA,NA,NA,NA
"34",126,0.02358,NA,NA,0.324252,NA,NA,0.016788,NA,NA,0.172524,NA,NA,0.011644,0.034268,0.273916,0.039144,NA,NA,NA,NA,NA,NA,NA,NA,0.077306,NA,NA,0.581084,NA,NA,0.070542,NA,NA,0.39209,NA,NA,0.055184,0.091944,0.19945,0.062742,NA,NA,NA,NA,NA,NA,NA,NA
"35",127,0.264256,NA,NA,0.053684,NA,NA,0.094484,NA,NA,0.073128,NA,NA,0.102988,0.095912,0.227312,0.009648,NA,NA,NA,NA,NA,NA,NA,NA,0.430924,NA,NA,0.081668,NA,NA,0.157338,NA,NA,0.122488,NA,NA,0.209234,0.123976,0.201128,0.020616,NA,NA,NA,NA,NA,NA,NA,NA
"36",128,0.174048,NA,NA,0.343692,NA,NA,0.32106,NA,NA,0.26454,NA,NA,0.136092,0.01158,0.029328,0.006004,NA,NA,NA,NA,NA,NA,NA,NA,0.404786,NA,NA,0.483806,NA,NA,0.454096,NA,NA,0.448152,NA,NA,0.286734,0.047588,0.0556,0.019032,NA,NA,NA,NA,NA,NA,NA,NA
"37",130,0.173132,NA,NA,0.454352,NA,NA,0.056768,NA,NA,0.2808,NA,NA,0.00306,0.005716,0.153264,0.003984,NA,NA,NA,NA,NA,NA,NA,NA,0.213178,NA,NA,0.531972,NA,NA,0.085564,NA,NA,0.351206,NA,NA,0.004106,0.008386,0.275236,0.007024,NA,NA,NA,NA,NA,NA,NA,NA
"38",131,0.300572,NA,NA,0.543272,NA,NA,0.048532,NA,NA,0.3946,NA,NA,0.011804,0.035524,0.085156,0.01246,NA,NA,NA,NA,NA,NA,NA,NA,0.371584,NA,NA,0.611842,NA,NA,0.104934,NA,NA,0.470592,NA,NA,0.021218,0.07397,0.12036,0.021878,NA,NA,NA,NA,NA,NA,NA,NA
"39",132,0.034652,NA,NA,0.232108,NA,NA,0.062856,NA,NA,0.087252,NA,NA,0.048288,0.055332,0.258272,0.022304,NA,NA,NA,NA,NA,NA,NA,NA,0.060172,NA,NA,0.36863,NA,NA,0.137428,NA,NA,0.117976,NA,NA,0.17867,0.051026,0.460868,0.048316,NA,NA,NA,NA,NA,NA,NA,NA
"40",133,0.212096,NA,NA,0.530052,NA,NA,0.04916,NA,NA,0.241956,NA,NA,0.055296,0.049024,0.22646,0.012836,NA,NA,NA,NA,NA,NA,NA,NA,0.321412,NA,NA,0.61041,NA,NA,0.114234,NA,NA,0.331898,NA,NA,0.096754,0.085952,0.252928,0.02317,NA,NA,NA,NA,NA,NA,NA,NA
"41",136,0.095984,NA,NA,0.331496,NA,NA,0.03194,NA,NA,0.081348,NA,NA,0.028568,0.062516,0.164776,0.020116,NA,NA,NA,NA,NA,NA,NA,NA,0.211986,NA,NA,0.650322,NA,NA,0.079062,NA,NA,0.09711,NA,NA,0.04225,0.072022,0.311512,0.126592,NA,NA,NA,NA,NA,NA,NA,NA
"42",141,0.090992,NA,NA,0.2229,NA,NA,0.053012,NA,NA,0.259496,NA,NA,0.02108,0.108428,0.0159,0.012256,NA,NA,NA,NA,NA,NA,NA,NA,0.25638,NA,NA,0.472896,NA,NA,0.151136,NA,NA,0.632434,NA,NA,0.04699,0.220544,0.04606,0.031088,NA,NA,NA,NA,NA,NA,NA,NA
"43",142,0.192848,NA,NA,0.460872,NA,NA,0.050172,NA,NA,0.218404,NA,NA,0.02134,0.062732,0.244692,0.064864,NA,NA,NA,NA,NA,NA,NA,NA,0.293874,NA,NA,0.578398,NA,NA,0.11512,NA,NA,0.326332,NA,NA,0.042362,0.114132,0.25378,0.087502,NA,NA,NA,NA,NA,NA,NA,NA
"44",145,0.210828,NA,NA,0.398956,NA,NA,0.033656,NA,NA,0.039284,NA,NA,0.009352,0.057792,0.184792,0.056888,NA,NA,NA,NA,NA,NA,NA,NA,0.28486,NA,NA,0.499796,NA,NA,0.047754,NA,NA,0.061092,NA,NA,0.012714,0.105714,0.245808,0.081826,NA,NA,NA,NA,NA,NA,NA,NA
"45",152,0.079312,NA,NA,0.55596,NA,NA,0.061224,NA,NA,0.116824,NA,NA,0.021148,0.09554,0.22148,0.041008,NA,NA,NA,NA,NA,NA,NA,NA,0.093506,NA,NA,0.692654,NA,NA,0.0749,NA,NA,0.140398,NA,NA,0.023522,0.107666,0.304992,0.063526,NA,NA,NA,NA,NA,NA,NA,NA
"46",155,0.151712,NA,NA,0.433524,NA,NA,0.153712,NA,NA,0.33046,NA,NA,0.025908,0.065452,0.152884,0.047344,NA,NA,NA,NA,NA,NA,NA,NA,0.396106,NA,NA,0.594896,NA,NA,0.34602,NA,NA,0.460928,NA,NA,0.124278,0.131344,0.424076,0.140784,NA,NA,NA,NA,NA,NA,NA,NA
"47",159,0.099488,NA,NA,0.139252,NA,NA,0.514268,NA,NA,0.07296,NA,NA,0.01414,0.049692,0.085568,0.224568,NA,NA,NA,NA,NA,NA,NA,NA,0.176808,NA,NA,0.197756,NA,NA,0.532672,NA,NA,0.179358,NA,NA,0.012576,0.059862,0.10339,0.696334,NA,NA,NA,NA,NA,NA,NA,NA
"48",160,0.114596,NA,NA,0.298748,NA,NA,0.08724,NA,NA,0.174412,NA,NA,0.060092,0.21068,0.2752,0.044464,NA,NA,NA,NA,NA,NA,NA,NA,0.197404,NA,NA,0.455858,NA,NA,0.1351,NA,NA,0.26203,NA,NA,0.058498,0.365002,0.408816,0.057834,NA,NA,NA,NA,NA,NA,NA,NA
"49",167,0.032556,NA,NA,0.431772,NA,NA,0.061548,NA,NA,0.058108,NA,NA,0.011072,0.1169,0.219696,0.009584,NA,NA,NA,NA,NA,NA,NA,NA,0.05599,NA,NA,0.578854,NA,NA,0.112236,NA,NA,0.09974,NA,NA,0.022078,0.175966,0.224668,0.015824,NA,NA,NA,NA,NA,NA,NA,NA
"50",171,0.244268,NA,NA,0.124176,NA,NA,0.062488,NA,NA,0.132872,NA,NA,0.021988,0.213144,0.20066,0.008092,NA,NA,NA,NA,NA,NA,NA,NA,0.485998,NA,NA,0.153818,NA,NA,0.13363,NA,NA,0.205536,NA,NA,0.046046,0.417518,0.189536,0.013236,NA,NA,NA,NA,NA,NA,NA,NA
"51",186,0.087964,NA,NA,0.511292,NA,NA,0.0378,NA,NA,0.079,NA,NA,0.020008,0.073816,0.123504,0.007664,NA,NA,NA,NA,NA,NA,NA,NA,0.213068,NA,NA,0.727076,NA,NA,0.081582,NA,NA,0.146188,NA,NA,0.082682,0.125004,0.190646,0.015814,NA,NA,NA,NA,NA,NA,NA,NA
"52",192,0.068456,NA,NA,0.194672,NA,NA,0.071332,NA,NA,0.069964,NA,NA,0.013016,0.300416,0.1181,0.020036,NA,NA,NA,NA,NA,NA,NA,NA,0.177672,NA,NA,0.28232,NA,NA,0.195684,NA,NA,0.09867,NA,NA,0.018678,0.489402,0.329454,0.034878,NA,NA,NA,NA,NA,NA,NA,NA
"53",196,0.3981,NA,NA,0.112196,NA,NA,0.098616,NA,NA,0.0636,NA,NA,0.102348,0.150984,0.068584,0.01712,NA,NA,NA,NA,NA,NA,NA,NA,0.663034,NA,NA,0.200238,NA,NA,0.16918,NA,NA,0.102988,NA,NA,0.140252,0.237346,0.141838,0.022098,NA,NA,NA,NA,NA,NA,NA,NA
"54",203,0.040916,NA,NA,0.336992,NA,NA,0.041572,NA,NA,0.120788,NA,NA,0.0219,0.397264,0.040612,0.01074,NA,NA,NA,NA,NA,NA,NA,NA,0.070636,NA,NA,0.42714,NA,NA,0.061696,NA,NA,0.15364,NA,NA,0.027012,0.539092,0.043278,0.01124,NA,NA,NA,NA,NA,NA,NA,NA
"55",206,0.151252,NA,NA,0.182416,NA,NA,0.0817,NA,NA,0.061784,NA,NA,0.025496,0.03438,0.061556,0.017544,NA,NA,NA,NA,NA,NA,NA,NA,0.347666,NA,NA,0.39371,NA,NA,0.210994,NA,NA,0.113046,NA,NA,0.055558,0.070234,0.135418,0.04226,NA,NA,NA,NA,NA,NA,NA,NA
"56",208,0.125276,NA,NA,0.625912,NA,NA,0.149532,NA,NA,0.400896,NA,NA,0.017524,0.061488,0.260388,0.0497,NA,NA,NA,NA,NA,NA,NA,NA,0.280488,NA,NA,0.790688,NA,NA,0.27188,NA,NA,0.5683,NA,NA,0.034092,0.139824,0.267182,0.09725,NA,NA,NA,NA,NA,NA,NA,NA
"57",215,0.022292,NA,NA,0.195232,NA,NA,0.130352,NA,NA,0.455492,NA,NA,0.031164,0.235924,0.011272,0.00738,NA,NA,NA,NA,NA,NA,NA,NA,0.023278,NA,NA,0.262186,NA,NA,0.176534,NA,NA,0.517576,NA,NA,0.038268,0.333566,0.018212,0.008794,NA,NA,NA,NA,NA,NA,NA,NA
"58",222,0.311504,NA,NA,0.43808,NA,NA,0.027336,NA,NA,0.042452,NA,NA,0.046108,0.014752,0.210772,0.123428,NA,NA,NA,NA,NA,NA,NA,NA,0.542902,NA,NA,0.717062,NA,NA,0.02902,NA,NA,0.206472,NA,NA,0.163442,0.032038,0.157778,0.11668,NA,NA,NA,NA,NA,NA,NA,NA
"59",224,0.320556,NA,NA,0.571272,NA,NA,0.031076,NA,NA,0.158048,NA,NA,0.049908,0.004708,0.18088,0.06086,NA,NA,NA,NA,NA,NA,NA,NA,0.579248,NA,NA,0.839028,NA,NA,0.175056,NA,NA,0.397736,NA,NA,0.21351,0.037634,0.170006,0.09902,NA,NA,NA,NA,NA,NA,NA,NA
"60",232,0.064052,NA,NA,0.345636,NA,NA,0.070472,NA,NA,0.079056,NA,NA,0.018344,0.057816,0.03376,0.010244,NA,NA,NA,NA,NA,NA,NA,NA,0.098104,NA,NA,0.567082,NA,NA,0.125334,NA,NA,0.126764,NA,NA,0.024874,0.115628,0.051206,0.01623,NA,NA,NA,NA,NA,NA,NA,NA
"61",235,0.1654,NA,NA,0.822944,NA,NA,0.079056,NA,NA,0.120392,NA,NA,0.011088,0.020036,0.01448,0.018648,NA,NA,NA,NA,NA,NA,NA,NA,0.241426,NA,NA,0.879012,NA,NA,0.121912,NA,NA,0.150512,NA,NA,0.019186,0.037792,0.027896,0.033416,NA,NA,NA,NA,NA,NA,NA,NA
"62",236,0.25006,NA,NA,0.275336,NA,NA,0.073124,NA,NA,0.216512,NA,NA,0.0129,0.091412,0.1978,0.009968,NA,NA,NA,NA,NA,NA,NA,NA,0.43477,NA,NA,0.407744,NA,NA,0.145056,NA,NA,0.328352,NA,NA,0.017428,0.163042,0.233112,0.019402,NA,NA,NA,NA,NA,NA,NA,NA
"63",237,0.360088,NA,NA,0.26714,NA,NA,0.062136,NA,NA,0.100096,NA,NA,0.012872,0.23912,0.261504,0.016872,NA,NA,NA,NA,NA,NA,NA,NA,0.452906,NA,NA,0.332152,NA,NA,0.102648,NA,NA,0.11551,NA,NA,0.018648,0.365884,0.307096,0.023496,NA,NA,NA,NA,NA,NA,NA,NA
"64",240,0.448692,NA,NA,0.310236,NA,NA,0.108564,NA,NA,0.147716,NA,NA,0.016076,0.125196,0.073636,0.03902,NA,NA,NA,NA,NA,NA,NA,NA,0.561672,NA,NA,0.395812,NA,NA,0.185844,NA,NA,0.178352,NA,NA,0.033818,0.202786,0.092976,0.048538,NA,NA,NA,NA,NA,NA,NA,NA
"65",242,0.273876,NA,NA,0.242548,NA,NA,0.074988,NA,NA,0.076044,NA,NA,0.064876,0.238956,0.169244,0.039848,NA,NA,NA,NA,NA,NA,NA,NA,0.34781,NA,NA,0.423922,NA,NA,0.051906,NA,NA,0.175982,NA,NA,0.143428,0.326402,0.16965,0.043202,NA,NA,NA,NA,NA,NA,NA,NA
"66",248,0.05926,NA,NA,0.09598,NA,NA,0.100368,NA,NA,0.091064,NA,NA,0.136812,0.31406,0.33872,0.076384,NA,NA,NA,NA,NA,NA,NA,NA,0.11636,NA,NA,0.21423,NA,NA,0.197828,NA,NA,0.240394,NA,NA,0.244016,0.566252,0.485548,0.169366,NA,NA,NA,NA,NA,NA,NA,NA
"67",250,0.196132,NA,NA,0.397148,NA,NA,0.170904,NA,NA,0.192584,NA,NA,0.024348,0.169584,0.111604,0.03678,NA,NA,NA,NA,NA,NA,NA,NA,0.40437,NA,NA,0.700266,NA,NA,0.29848,NA,NA,0.388456,NA,NA,0.047564,0.307522,0.150414,0.053044,NA,NA,NA,NA,NA,NA,NA,NA
"68",251,0.368072,NA,NA,0.555992,NA,NA,0.103164,NA,NA,0.157844,NA,NA,0.011288,0.114424,0.040932,0.029064,NA,NA,NA,NA,NA,NA,NA,NA,0.55771,NA,NA,0.701626,NA,NA,0.183494,NA,NA,0.214556,NA,NA,0.029208,0.16073,0.058412,0.041846,NA,NA,NA,NA,NA,NA,NA,NA
"69",256,0.107052,NA,NA,0.257708,NA,NA,0.136964,NA,NA,0.114476,NA,NA,0.149352,0.326996,0.295412,0.086288,NA,NA,NA,NA,NA,NA,NA,NA,0.203066,NA,NA,0.403972,NA,NA,0.21879,NA,NA,0.218424,NA,NA,0.209906,0.440306,0.583012,0.175214,NA,NA,NA,NA,NA,NA,NA,NA
"70",260,0.246212,NA,NA,0.176396,NA,NA,0.10368,NA,NA,0.023352,NA,NA,0.044112,0.217488,0.1147,0.088876,NA,NA,NA,NA,NA,NA,NA,NA,0.32492,NA,NA,0.334184,NA,NA,0.112118,NA,NA,0.075252,NA,NA,0.120998,0.357664,0.142912,0.094714,NA,NA,NA,NA,NA,NA,NA,NA
"71",262,0.243804,NA,NA,0.169864,NA,NA,0.162876,NA,NA,0.04478,NA,NA,0.077196,0.178052,0.13114,0.05572,NA,NA,NA,NA,NA,NA,NA,NA,0.340132,NA,NA,0.305966,NA,NA,0.160238,NA,NA,0.134736,NA,NA,0.170362,0.298898,0.1551,0.05555,NA,NA,NA,NA,NA,NA,NA,NA
"72",264,0.3612,NA,NA,0.379692,NA,NA,0.05938,NA,NA,0.17204,NA,NA,0.015772,0.039488,0.097272,0.06324,NA,NA,NA,NA,NA,NA,NA,NA,0.53911,NA,NA,0.556432,NA,NA,0.142346,NA,NA,0.242398,NA,NA,0.047028,0.089076,0.146518,0.080656,NA,NA,NA,NA,NA,NA,NA,NA
"73",266,0.263648,NA,NA,0.337164,NA,NA,0.077784,NA,NA,0.092416,NA,NA,0.099644,0.1627,0.06436,0.078724,NA,NA,NA,NA,NA,NA,NA,NA,0.393904,NA,NA,0.616586,NA,NA,0.073688,NA,NA,0.25002,NA,NA,0.2002,0.235386,0.084474,0.06358,NA,NA,NA,NA,NA,NA,NA,NA
"74",268,0.177196,NA,NA,0.125948,NA,NA,0.027776,NA,NA,0.03316,NA,NA,0.025524,0.045068,0.176952,0.0983,NA,NA,NA,NA,NA,NA,NA,NA,0.473324,NA,NA,0.235264,NA,NA,0.057288,NA,NA,0.076562,NA,NA,0.055404,0.114766,0.384958,0.202794,NA,NA,NA,NA,NA,NA,NA,NA
"75",269,0.170748,NA,NA,0.592648,NA,NA,0.077748,NA,NA,0.265644,NA,NA,0.004964,0.05468,0.242364,0.008512,NA,NA,NA,NA,NA,NA,NA,NA,0.254038,NA,NA,0.651386,NA,NA,0.140868,NA,NA,0.328954,NA,NA,0.011234,0.115238,0.29291,0.017524,NA,NA,NA,NA,NA,NA,NA,NA
"76",270,0.218708,NA,NA,0.366952,NA,NA,0.045976,NA,NA,0.0677,NA,NA,0.142208,0.079348,0.164144,0.060144,NA,NA,NA,NA,NA,NA,NA,NA,0.441826,NA,NA,0.542926,NA,NA,0.145374,NA,NA,0.130308,NA,NA,0.268994,0.215672,0.135198,0.08096,NA,NA,NA,NA,NA,NA,NA,NA
"77",271,0.035352,NA,NA,0.300216,NA,NA,0.011008,NA,NA,0.018968,NA,NA,0.027348,0.081796,0.15708,0.096848,NA,NA,NA,NA,NA,NA,NA,NA,0.058678,NA,NA,0.537532,NA,NA,0.030378,NA,NA,0.027626,NA,NA,0.054826,0.115346,0.245314,0.136738,NA,NA,NA,NA,NA,NA,NA,NA
"78",272,0.126512,NA,NA,0.548568,NA,NA,0.017536,NA,NA,0.037052,NA,NA,0.004204,0.01632,0.193996,0.004472,NA,NA,NA,NA,NA,NA,NA,NA,0.142742,NA,NA,0.615374,NA,NA,0.021172,NA,NA,0.053114,NA,NA,0.004468,0.010242,0.263566,0.006082,NA,NA,NA,NA,NA,NA,NA,NA
"79",276,0.098476,NA,NA,0.341904,NA,NA,0.01916,NA,NA,0.048064,NA,NA,0.044124,0.224356,0.37496,0.016036,NA,NA,NA,NA,NA,NA,NA,NA,0.251044,NA,NA,0.494858,NA,NA,0.027788,NA,NA,0.107104,NA,NA,0.131112,0.45006,0.38322,0.020696,NA,NA,NA,NA,NA,NA,NA,NA
"80",279,0.089296,NA,NA,0.577116,NA,NA,0.054384,NA,NA,0.04478,NA,NA,0.027956,0.079376,0.280848,0.00706,NA,NA,NA,NA,NA,NA,NA,NA,0.131562,NA,NA,0.70576,NA,NA,0.084142,NA,NA,0.069922,NA,NA,0.05279,0.137922,0.360682,0.018122,NA,NA,NA,NA,NA,NA,NA,NA
"81",284,0.131072,NA,NA,0.725836,NA,NA,0.009048,NA,NA,0.010464,NA,NA,0.009516,0.038672,0.151748,0.025184,NA,NA,NA,NA,NA,NA,NA,NA,0.1439,NA,NA,0.774404,NA,NA,0.012988,NA,NA,0.018514,NA,NA,0.013714,0.052748,0.190716,0.034506,NA,NA,NA,NA,NA,NA,NA,NA
"82",285,0.19234,NA,NA,0.377608,NA,NA,0.031388,NA,NA,0.0515,NA,NA,0.1058,0.141664,0.137612,0.082728,NA,NA,NA,NA,NA,NA,NA,NA,0.336954,NA,NA,0.456658,NA,NA,0.07562,NA,NA,0.068028,NA,NA,0.194274,0.250474,0.184122,0.082816,NA,NA,NA,NA,NA,NA,NA,NA
"83",286,0.152692,NA,NA,0.105972,NA,NA,0.039792,NA,NA,0.191204,NA,NA,0.057532,0.035244,0.068176,0.018452,NA,NA,NA,NA,NA,NA,NA,NA,0.454552,NA,NA,0.287118,NA,NA,0.09901,NA,NA,0.46467,NA,NA,0.233074,0.171872,0.105404,0.042286,NA,NA,NA,NA,NA,NA,NA,NA
"84",287,0.15646,NA,NA,0.184724,NA,NA,0.03602,NA,NA,0.035256,NA,NA,0.050368,0.06026,0.07588,0.05282,NA,NA,NA,NA,NA,NA,NA,NA,0.284886,NA,NA,0.242854,NA,NA,0.04929,NA,NA,0.077992,NA,NA,0.094584,0.109842,0.095308,0.059732,NA,NA,NA,NA,NA,NA,NA,NA
"85",289,0.062576,NA,NA,0.501948,NA,NA,0.03168,NA,NA,0.052268,NA,NA,0.099416,0.087296,0.0822,0.025516,NA,NA,NA,NA,NA,NA,NA,NA,0.17605,NA,NA,0.838388,NA,NA,0.088566,NA,NA,0.067132,NA,NA,0.266564,0.13759,0.16059,0.079068,NA,NA,NA,NA,NA,NA,NA,NA
"86",295,0.193876,NA,NA,0.474768,NA,NA,0.08012,NA,NA,0.183896,NA,NA,0.014528,0.10088,0.201968,0.103644,NA,NA,NA,NA,NA,NA,NA,NA,0.311864,NA,NA,0.548302,NA,NA,0.143928,NA,NA,0.257272,NA,NA,0.030048,0.170092,0.216462,0.134564,NA,NA,NA,NA,NA,NA,NA,NA
"87",300,0.127296,NA,NA,0.589116,NA,NA,0.036864,NA,NA,0.027488,NA,NA,0.011204,0.151592,0.395428,0.022944,NA,NA,NA,NA,NA,NA,NA,NA,0.15858,NA,NA,0.728284,NA,NA,0.053628,NA,NA,0.04104,NA,NA,0.012454,0.185994,0.551506,0.037826,NA,NA,NA,NA,NA,NA,NA,NA
"88",308,0.157564,NA,NA,0.791348,NA,NA,0.136928,NA,NA,0.236596,NA,NA,0.018896,0.115004,0.108616,0.0184,NA,NA,NA,NA,NA,NA,NA,NA,0.21129,NA,NA,0.893374,NA,NA,0.183362,NA,NA,0.289726,NA,NA,0.021328,0.164414,0.14186,0.033382,NA,NA,NA,NA,NA,NA,NA,NA
"89",310,0.140352,NA,NA,0.301212,NA,NA,0.044892,NA,NA,0.027508,NA,NA,0.12568,0.142192,0.22712,0.083804,NA,NA,NA,NA,NA,NA,NA,NA,0.258954,NA,NA,0.36979,NA,NA,0.069564,NA,NA,0.038338,NA,NA,0.196972,0.263028,0.325264,0.08714,NA,NA,NA,NA,NA,NA,NA,NA
"90",311,0.083072,NA,NA,0.6923,NA,NA,0.0599,NA,NA,0.045036,NA,NA,0.014176,0.057732,0.19556,0.049228,NA,NA,NA,NA,NA,NA,NA,NA,0.127428,NA,NA,0.797774,NA,NA,0.075728,NA,NA,0.072096,NA,NA,0.021222,0.071586,0.348276,0.084316,NA,NA,NA,NA,NA,NA,NA,NA
"91",318,0.132728,NA,NA,0.306,NA,NA,0.37442,NA,NA,0.37576,NA,NA,0.064872,0.094028,0.197552,0.035872,NA,NA,NA,NA,NA,NA,NA,NA,0.297524,NA,NA,0.493704,NA,NA,0.640918,NA,NA,0.468502,NA,NA,0.203202,0.236056,0.249278,0.05782,NA,NA,NA,NA,NA,NA,NA,NA
"92",319,0.045708,NA,NA,0.02818,NA,NA,0.11418,NA,NA,0.199644,NA,NA,0.086884,0.295696,0.258028,0.08466,NA,NA,NA,NA,NA,NA,NA,NA,0.135238,NA,NA,0.115198,NA,NA,0.323604,NA,NA,0.52603,NA,NA,0.26404,0.670064,0.341804,0.141048,NA,NA,NA,NA,NA,NA,NA,NA
"93",321,0.307696,NA,NA,0.13854,NA,NA,0.050744,NA,NA,0.05854,NA,NA,0.08872,0.140776,0.085768,0.01822,NA,NA,NA,NA,NA,NA,NA,NA,0.5305,NA,NA,0.26911,NA,NA,0.073034,NA,NA,0.10011,NA,NA,0.161742,0.249538,0.193086,0.032066,NA,NA,NA,NA,NA,NA,NA,NA
"94",322,0.217848,NA,NA,0.366556,NA,NA,0.057456,NA,NA,0.054072,NA,NA,0.146308,0.084608,0.206216,0.039188,NA,NA,NA,NA,NA,NA,NA,NA,0.427266,NA,NA,0.524854,NA,NA,0.166298,NA,NA,0.113602,NA,NA,0.287632,0.222848,0.160544,0.061544,NA,NA,NA,NA,NA,NA,NA,NA
"95",325,0.257496,NA,NA,0.3789,NA,NA,0.064652,NA,NA,0.117148,NA,NA,0.067096,0.062708,0.26132,0.03468,NA,NA,NA,NA,NA,NA,NA,NA,0.434186,NA,NA,0.49409,NA,NA,0.148352,NA,NA,0.176634,NA,NA,0.146344,0.122396,0.266144,0.055538,NA,NA,NA,NA,NA,NA,NA,NA
"96",330,0.218884,NA,NA,0.181936,NA,NA,0.03472,NA,NA,0.064072,NA,NA,0.20198,0.291956,0.098488,0.04366,NA,NA,NA,NA,NA,NA,NA,NA,0.33713,NA,NA,0.299838,NA,NA,0.036606,NA,NA,0.07386,NA,NA,0.292406,0.450178,0.195684,0.074932,NA,NA,NA,NA,NA,NA,NA,NA
"97",332,0.059804,NA,NA,0.154492,NA,NA,0.215632,NA,NA,0.044212,NA,NA,0.0235,0.186068,0.112096,0.018828,NA,NA,NA,NA,NA,NA,NA,NA,0.187328,NA,NA,0.28972,NA,NA,0.460582,NA,NA,0.175968,NA,NA,0.081754,0.33582,0.22288,0.088344,NA,NA,NA,NA,NA,NA,NA,NA
"98",334,0.253968,NA,NA,0.456804,NA,NA,0.18278,NA,NA,0.070212,NA,NA,0.018528,0.067936,0.102896,0.09732,NA,NA,NA,NA,NA,NA,NA,NA,0.297026,NA,NA,0.553352,NA,NA,0.245098,NA,NA,0.084718,NA,NA,0.023298,0.075548,0.151488,0.13169,NA,NA,NA,NA,NA,NA,NA,NA
"99",336,0.14212,NA,NA,0.145148,NA,NA,0.230028,NA,NA,0.052036,NA,NA,0.185992,0.368204,0.031732,0.019764,NA,NA,NA,NA,NA,NA,NA,NA,0.191122,NA,NA,0.195178,NA,NA,0.28429,NA,NA,0.073354,NA,NA,0.256852,0.501774,0.047658,0.037464,NA,NA,NA,NA,NA,NA,NA,NA
"100",337,0.207304,NA,NA,0.226252,NA,NA,0.01314,NA,NA,0.016996,NA,NA,0.318956,0.19068,0.070848,0.026668,NA,NA,NA,NA,NA,NA,NA,NA,0.362022,NA,NA,0.517764,NA,NA,0.061688,NA,NA,0.087224,NA,NA,0.343044,0.345326,0.129442,0.04761,NA,NA,NA,NA,NA,NA,NA,NA
"101",339,0.068472,NA,NA,0.032596,NA,NA,0.10916,NA,NA,0.024852,NA,NA,0.05386,0.536056,0.007856,0.004432,NA,NA,NA,NA,NA,NA,NA,NA,0.07874,NA,NA,0.036306,NA,NA,0.130182,NA,NA,0.030668,NA,NA,0.06628,0.70043,0.012796,0.007692,NA,NA,NA,NA,NA,NA,NA,NA
"102",340,0.079024,NA,NA,0.05074,NA,NA,0.06448,NA,NA,0.07722,NA,NA,0.091568,0.320884,0.317808,0.068036,NA,NA,NA,NA,NA,NA,NA,NA,0.186894,NA,NA,0.159476,NA,NA,0.217172,NA,NA,0.26797,NA,NA,0.19978,0.671142,0.34674,0.107714,NA,NA,NA,NA,NA,NA,NA,NA
"103",342,0.216012,NA,NA,0.489884,NA,NA,0.00982,NA,NA,0.004036,NA,NA,0.091192,0.116608,0.141344,0.032552,NA,NA,NA,NA,NA,NA,NA,NA,0.414928,NA,NA,0.678274,NA,NA,0.031918,NA,NA,0.019498,NA,NA,0.20588,0.28409,0.124016,0.04203,NA,NA,NA,NA,NA,NA,NA,NA
"104",345,0.253808,NA,NA,0.400504,NA,NA,0.012548,NA,NA,0.007484,NA,NA,0.172956,0.123148,0.089524,0.070088,NA,NA,NA,NA,NA,NA,NA,NA,0.454684,NA,NA,0.608656,NA,NA,0.044962,NA,NA,0.037274,NA,NA,0.270502,0.294438,0.120588,0.077964,NA,NA,NA,NA,NA,NA,NA,NA
"105",347,0.098972,NA,NA,0.492228,NA,NA,0.028892,NA,NA,0.148812,NA,NA,0.01078,0.007584,0.246412,0.002552,NA,NA,NA,NA,NA,NA,NA,NA,0.148864,NA,NA,0.519506,NA,NA,0.054492,NA,NA,0.275652,NA,NA,0.024126,0.031992,0.4425,0.006884,NA,NA,NA,NA,NA,NA,NA,NA
"106",352,0.131208,NA,NA,0.427092,NA,NA,0.114904,NA,NA,0.244656,NA,NA,0.030424,0.16628,0.09888,0.162548,NA,NA,NA,NA,NA,NA,NA,NA,0.297654,NA,NA,0.48303,NA,NA,0.171502,NA,NA,0.24978,NA,NA,0.036536,0.148164,0.254498,0.58759,NA,NA,NA,NA,NA,NA,NA,NA
"107",353,0.258716,NA,NA,0.149796,NA,NA,0.030044,NA,NA,0.074536,NA,NA,0.149728,0.399632,0.047756,0.007208,NA,NA,NA,NA,NA,NA,NA,NA,0.380468,NA,NA,0.226582,NA,NA,0.047368,NA,NA,0.100622,NA,NA,0.232032,0.57816,0.084366,0.017986,NA,NA,NA,NA,NA,NA,NA,NA
"108",354,0.180024,NA,NA,0.1042,NA,NA,0.082312,NA,NA,0.265772,NA,NA,0.082604,0.29888,0.048504,0.02078,NA,NA,NA,NA,NA,NA,NA,NA,0.259422,NA,NA,0.148324,NA,NA,0.135276,NA,NA,0.38131,NA,NA,0.116064,0.470376,0.06101,0.033646,NA,NA,NA,NA,NA,NA,NA,NA
"109",355,0.236116,NA,NA,0.065312,NA,NA,0.097176,NA,NA,0.16232,NA,NA,0.035132,0.06202,0.111888,0.006648,NA,NA,NA,NA,NA,NA,NA,NA,0.366024,NA,NA,0.079184,NA,NA,0.136404,NA,NA,0.24501,NA,NA,0.040134,0.102302,0.135672,0.011726,NA,NA,NA,NA,NA,NA,NA,NA
"110",357,0.021156,NA,NA,0.182812,NA,NA,0.023148,NA,NA,0.11538,NA,NA,0.007448,0.040392,0.160868,0.00924,NA,NA,NA,NA,NA,NA,NA,NA,0.028364,NA,NA,0.206714,NA,NA,0.032904,NA,NA,0.146946,NA,NA,0.00953,0.051086,0.26704,0.012914,NA,NA,NA,NA,NA,NA,NA,NA
"111",370,0.152672,NA,NA,0.015616,NA,NA,0.022092,NA,NA,0.070648,NA,NA,0.011788,0.217964,0.26664,0.009264,NA,NA,NA,NA,NA,NA,NA,NA,0.267022,NA,NA,0.026594,NA,NA,0.036714,NA,NA,0.118262,NA,NA,0.025318,0.282254,0.267012,0.017628,NA,NA,NA,NA,NA,NA,NA,NA
"112",371,0.059492,NA,NA,0.116644,NA,NA,0.086608,NA,NA,0.226604,NA,NA,0.125472,0.236912,0.305616,0.052348,NA,NA,NA,NA,NA,NA,NA,NA,0.145566,NA,NA,0.222964,NA,NA,0.29213,NA,NA,0.477004,NA,NA,0.288896,0.581108,0.362118,0.072172,NA,NA,NA,NA,NA,NA,NA,NA
"113",376,0.209788,NA,NA,0.451228,NA,NA,0.031736,NA,NA,0.013772,NA,NA,0.159564,0.157356,0.093136,0.042044,NA,NA,NA,NA,NA,NA,NA,NA,0.453622,NA,NA,0.71554,NA,NA,0.08978,NA,NA,0.057436,NA,NA,0.299466,0.32671,0.082764,0.060426,NA,NA,NA,NA,NA,NA,NA,NA
"114",377,0.071264,NA,NA,0.779844,NA,NA,0.126364,NA,NA,0.265336,NA,NA,0.031296,0.063068,0.064068,0.028092,NA,NA,NA,NA,NA,NA,NA,NA,0.1678,NA,NA,0.935952,NA,NA,0.330956,NA,NA,0.476498,NA,NA,0.095476,0.143796,0.066616,0.031692,NA,NA,NA,NA,NA,NA,NA,NA
"115",378,0.27326,NA,NA,0.395052,NA,NA,0.050628,NA,NA,0.046968,NA,NA,0.077824,0.083252,0.105656,0.07074,NA,NA,NA,NA,NA,NA,NA,NA,0.456414,NA,NA,0.536666,NA,NA,0.130176,NA,NA,0.082108,NA,NA,0.1841,0.158328,0.121348,0.069784,NA,NA,NA,NA,NA,NA,NA,NA
"116",384,0.034644,NA,NA,0.47272,NA,NA,0.076108,NA,NA,0.045844,NA,NA,0.079916,0.040884,0.124764,0.016924,NA,NA,NA,NA,NA,NA,NA,NA,0.06807,NA,NA,0.668196,NA,NA,0.121308,NA,NA,0.074854,NA,NA,0.14703,0.067048,0.190114,0.02974,NA,NA,NA,NA,NA,NA,NA,NA
"117",389,0.05984,NA,NA,0.262916,NA,NA,0.040332,NA,NA,0.049324,NA,NA,0.043608,0.053804,0.24972,0.022212,NA,NA,NA,NA,NA,NA,NA,NA,0.139904,NA,NA,0.449396,NA,NA,0.053474,NA,NA,0.073466,NA,NA,0.089108,0.075984,0.346936,0.041698,NA,NA,NA,NA,NA,NA,NA,NA
"118",393,0.041984,NA,NA,0.318276,NA,NA,0.012224,NA,NA,0.016604,NA,NA,0.00876,0.034512,0.164104,0.017416,NA,NA,NA,NA,NA,NA,NA,NA,0.076206,NA,NA,0.336294,NA,NA,0.033046,NA,NA,0.030926,NA,NA,0.019856,0.067138,0.283732,0.031694,NA,NA,NA,NA,NA,NA,NA,NA
"119",409,0.116456,NA,NA,0.486232,NA,NA,0.019652,NA,NA,0.0234,NA,NA,0.003464,0.01564,0.124728,0.011256,NA,NA,NA,NA,NA,NA,NA,NA,0.140614,NA,NA,0.548318,NA,NA,0.02359,NA,NA,0.039086,NA,NA,0.004388,0.011114,0.191602,0.011876,NA,NA,NA,NA,NA,NA,NA,NA
"120",410,0.1156,NA,NA,0.562404,NA,NA,0.013452,NA,NA,0.021968,NA,NA,0.0549,0.057028,0.222124,0.045408,NA,NA,NA,NA,NA,NA,NA,NA,0.23849,NA,NA,0.680322,NA,NA,0.035064,NA,NA,0.050174,NA,NA,0.144434,0.127352,0.208934,0.06451,NA,NA,NA,NA,NA,NA,NA,NA
"121",411,0.15186,NA,NA,0.631768,NA,NA,0.055212,NA,NA,0.062352,NA,NA,0.013624,0.14346,0.207988,0.053824,NA,NA,NA,NA,NA,NA,NA,NA,0.20595,NA,NA,0.703456,NA,NA,0.082148,NA,NA,0.092908,NA,NA,0.01559,0.220294,0.264214,0.081968,NA,NA,NA,NA,NA,NA,NA,NA
"122",412,0.14328,NA,NA,0.660956,NA,NA,0.03888,NA,NA,0.057476,NA,NA,0.009144,0.101828,0.207768,0.030288,NA,NA,NA,NA,NA,NA,NA,NA,0.205816,NA,NA,0.712858,NA,NA,0.067782,NA,NA,0.083872,NA,NA,0.016588,0.170106,0.229322,0.045284,NA,NA,NA,NA,NA,NA,NA,NA
"123",421,0.107376,NA,NA,0.23082,NA,NA,0.041788,NA,NA,0.106868,NA,NA,0.208012,0.290204,0.031028,0.038644,NA,NA,NA,NA,NA,NA,NA,NA,0.178786,NA,NA,0.395206,NA,NA,0.066912,NA,NA,0.182846,NA,NA,0.371118,0.465046,0.05513,0.090426,NA,NA,NA,NA,NA,NA,NA,NA
"124",422,0.085172,NA,NA,0.713992,NA,NA,0.044932,NA,NA,0.022708,NA,NA,0.032904,0.079376,0.141968,0.043016,NA,NA,NA,NA,NA,NA,NA,NA,0.139654,NA,NA,0.828046,NA,NA,0.085108,NA,NA,0.031658,NA,NA,0.059834,0.129946,0.166078,0.056408,NA,NA,NA,NA,NA,NA,NA,NA
"125",423,0.232344,NA,NA,0.31152,NA,NA,0.014548,NA,NA,0.006256,NA,NA,0.292396,0.129832,0.057704,0.042288,NA,NA,NA,NA,NA,NA,NA,NA,0.387008,NA,NA,0.534882,NA,NA,0.040476,NA,NA,0.025904,NA,NA,0.334256,0.271536,0.109682,0.05341,NA,NA,NA,NA,NA,NA,NA,NA
"126",424,0.171924,NA,NA,0.29158,NA,NA,0.1356,NA,NA,0.09522,NA,NA,0.219316,0.214624,0.12042,0.01294,NA,NA,NA,NA,NA,NA,NA,NA,0.304402,NA,NA,0.463902,NA,NA,0.197606,NA,NA,0.159968,NA,NA,0.308454,0.313602,0.274372,0.018506,NA,NA,NA,NA,NA,NA,NA,NA
"127",426,0.192892,NA,NA,0.33246,NA,NA,0.029408,NA,NA,0.030304,NA,NA,0.142064,0.138168,0.151708,0.040932,NA,NA,NA,NA,NA,NA,NA,NA,0.363374,NA,NA,0.456646,NA,NA,0.08097,NA,NA,0.041034,NA,NA,0.266676,0.257268,0.19224,0.038812,NA,NA,NA,NA,NA,NA,NA,NA
"128",429,0.215712,NA,NA,0.180752,NA,NA,0.077704,NA,NA,0.10264,NA,NA,0.05158,0.5092,0.0092,0.006088,NA,NA,NA,NA,NA,NA,NA,NA,0.336572,NA,NA,0.345138,NA,NA,0.145408,NA,NA,0.149456,NA,NA,0.06568,0.817844,0.0311,0.010856,NA,NA,NA,NA,NA,NA,NA,NA
"129",431,0.120132,NA,NA,0.414704,NA,NA,0.049696,NA,NA,0.02952,NA,NA,0.085656,0.134112,0.262272,0.056256,NA,NA,NA,NA,NA,NA,NA,NA,0.244118,NA,NA,0.510082,NA,NA,0.095818,NA,NA,0.047088,NA,NA,0.166336,0.250586,0.314758,0.111132,NA,NA,NA,NA,NA,NA,NA,NA
"130",432,0.115012,NA,NA,0.641096,NA,NA,0.11468,NA,NA,0.27262,NA,NA,0.010484,0.116052,0.219284,0.0111,NA,NA,NA,NA,NA,NA,NA,NA,0.140752,NA,NA,0.7301,NA,NA,0.14817,NA,NA,0.328034,NA,NA,0.014814,0.151938,0.320554,0.021434,NA,NA,NA,NA,NA,NA,NA,NA
"131",433,0.133716,NA,NA,0.469656,NA,NA,0.040504,NA,NA,0.041932,NA,NA,0.010064,0.093568,0.336144,0.049984,NA,NA,NA,NA,NA,NA,NA,NA,0.162104,NA,NA,0.596316,NA,NA,0.056766,NA,NA,0.052196,NA,NA,0.014046,0.107544,0.499086,0.064624,NA,NA,NA,NA,NA,NA,NA,NA
"132",435,0.218956,NA,NA,0.235528,NA,NA,0.043676,NA,NA,0.039496,NA,NA,0.279156,0.133036,0.085188,0.023884,NA,NA,NA,NA,NA,NA,NA,NA,0.354248,NA,NA,0.38179,NA,NA,0.075214,NA,NA,0.06305,NA,NA,0.335796,0.213672,0.174842,0.03591,NA,NA,NA,NA,NA,NA,NA,NA
"133",436,0.234628,NA,NA,0.397164,NA,NA,0.0257,NA,NA,0.013456,NA,NA,0.14582,0.065408,0.09906,0.067596,NA,NA,NA,NA,NA,NA,NA,NA,0.440528,NA,NA,0.560854,NA,NA,0.079582,NA,NA,0.024706,NA,NA,0.274638,0.166408,0.11631,0.070988,NA,NA,NA,NA,NA,NA,NA,NA
"134",437,0.21988,NA,NA,0.412456,NA,NA,0.025,NA,NA,0.019156,NA,NA,0.098704,0.100724,0.159336,0.063868,NA,NA,NA,NA,NA,NA,NA,NA,0.4168,NA,NA,0.54391,NA,NA,0.080798,NA,NA,0.037094,NA,NA,0.2086,0.21613,0.146452,0.06904,NA,NA,NA,NA,NA,NA,NA,NA
"135",438,0.09246,NA,NA,0.780284,NA,NA,0.168096,NA,NA,0.20926,NA,NA,0.037772,0.120484,0.155784,0.02768,NA,NA,NA,NA,NA,NA,NA,NA,0.107312,NA,NA,0.914314,NA,NA,0.202394,NA,NA,0.264582,NA,NA,0.040116,0.133854,0.24204,0.040504,NA,NA,NA,NA,NA,NA,NA,NA
"136",440,0.211628,NA,NA,0.36154,NA,NA,0.063976,NA,NA,0.053828,NA,NA,0.108176,0.160204,0.144136,0.063472,NA,NA,NA,NA,NA,NA,NA,NA,0.353402,NA,NA,0.474688,NA,NA,0.120052,NA,NA,0.076474,NA,NA,0.178138,0.277628,0.18787,0.069222,NA,NA,NA,NA,NA,NA,NA,NA
"137",449,0.18952,NA,NA,0.783584,NA,NA,0.150584,NA,NA,0.1868,NA,NA,0.025712,0.112856,0.195812,0.037324,NA,NA,NA,NA,NA,NA,NA,NA,0.247658,NA,NA,0.85012,NA,NA,0.220476,NA,NA,0.219492,NA,NA,0.034588,0.168244,0.22949,0.049954,NA,NA,NA,NA,NA,NA,NA,NA
"138",450,0.114004,NA,NA,0.739184,NA,NA,0.128812,NA,NA,0.224148,NA,NA,0.004276,0.070788,0.070548,0.081296,NA,NA,NA,NA,NA,NA,NA,NA,0.176286,NA,NA,0.785114,NA,NA,0.191684,NA,NA,0.286418,NA,NA,0.008812,0.131822,0.096624,0.085006,NA,NA,NA,NA,NA,NA,NA,NA
"139",452,0.162376,NA,NA,0.271788,NA,NA,0.207552,NA,NA,0.333096,NA,NA,0.055336,0.04006,0.094592,0.07632,NA,NA,NA,NA,NA,NA,NA,NA,0.323784,NA,NA,0.535232,NA,NA,0.347474,NA,NA,0.52233,NA,NA,0.163128,0.1398,0.125096,0.089472,NA,NA,NA,NA,NA,NA,NA,NA
"140",453,0.216992,NA,NA,0.58122,NA,NA,0.103176,NA,NA,0.333608,NA,NA,0.032312,0.041172,0.151352,0.025296,NA,NA,NA,NA,NA,NA,NA,NA,0.375128,NA,NA,0.659328,NA,NA,0.218876,NA,NA,0.471004,NA,NA,0.092722,0.090278,0.220474,0.034978,NA,NA,NA,NA,NA,NA,NA,NA
"141",454,0.165528,NA,NA,0.404512,NA,NA,0.046424,NA,NA,0.167028,NA,NA,0.033212,0.12268,0.311192,0.030952,NA,NA,NA,NA,NA,NA,NA,NA,0.273462,NA,NA,0.507354,NA,NA,0.091462,NA,NA,0.261374,NA,NA,0.066398,0.213186,0.311092,0.054622,NA,NA,NA,NA,NA,NA,NA,NA
"142",455,0.286296,NA,NA,0.638744,NA,NA,0.10232,NA,NA,0.373048,NA,NA,0.014568,0.025672,0.05188,0.057712,NA,NA,NA,NA,NA,NA,NA,NA,0.42921,NA,NA,0.673258,NA,NA,0.208544,NA,NA,0.452564,NA,NA,0.025516,0.05032,0.103206,0.07578,NA,NA,NA,NA,NA,NA,NA,NA
"143",456,0.173196,NA,NA,0.161808,NA,NA,0.333916,NA,NA,0.035636,NA,NA,0.007492,0.048696,0.052744,0.017272,NA,NA,NA,NA,NA,NA,NA,NA,0.230466,NA,NA,0.213998,NA,NA,0.434344,NA,NA,0.04827,NA,NA,0.009902,0.052852,0.067012,0.023866,NA,NA,NA,NA,NA,NA,NA,NA
"144",457,0.053184,NA,NA,0.211924,NA,NA,0.097996,NA,NA,0.417412,NA,NA,0.059292,0.164596,0.23812,0.1382,NA,NA,NA,NA,NA,NA,NA,NA,0.16238,NA,NA,0.350538,NA,NA,0.308652,NA,NA,0.671176,NA,NA,0.19637,0.39294,0.293438,0.11913,NA,NA,NA,NA,NA,NA,NA,NA
"145",459,0.053212,NA,NA,0.131496,NA,NA,0.048664,NA,NA,0.188776,NA,NA,0.072128,0.211544,0.295104,0.11656,NA,NA,NA,NA,NA,NA,NA,NA,0.150764,NA,NA,0.229746,NA,NA,0.177344,NA,NA,0.39398,NA,NA,0.224628,0.523904,0.390864,0.118822,NA,NA,NA,NA,NA,NA,NA,NA
"146",461,0.323272,NA,NA,0.46978,NA,NA,0.146516,NA,NA,0.024712,NA,NA,0.01414,0.039892,0.103808,0.03646,NA,NA,NA,NA,NA,NA,NA,NA,0.379026,NA,NA,0.525232,NA,NA,0.208292,NA,NA,0.038182,NA,NA,0.019436,0.067972,0.13092,0.053938,NA,NA,NA,NA,NA,NA,NA,NA
"147",466,0.280536,NA,NA,0.338412,NA,NA,0.020772,NA,NA,0.005944,NA,NA,0.243332,0.086596,0.070024,0.029944,NA,NA,NA,NA,NA,NA,NA,NA,0.463696,NA,NA,0.567762,NA,NA,0.07878,NA,NA,0.020776,NA,NA,0.300646,0.195656,0.110338,0.054966,NA,NA,NA,NA,NA,NA,NA,NA
"148",470,0.183044,NA,NA,0.43196,NA,NA,0.020896,NA,NA,0.091564,NA,NA,0.054212,0.072916,0.235036,0.085768,NA,NA,NA,NA,NA,NA,NA,NA,0.332982,NA,NA,0.559296,NA,NA,0.066792,NA,NA,0.124508,NA,NA,0.133934,0.15895,0.255152,0.10724,NA,NA,NA,NA,NA,NA,NA,NA
"149",471,0.2003,NA,NA,0.739292,NA,NA,0.066172,NA,NA,0.133152,NA,NA,0.010244,0.040588,0.077996,0.072316,NA,NA,NA,NA,NA,NA,NA,NA,0.300504,NA,NA,0.76421,NA,NA,0.119636,NA,NA,0.188726,NA,NA,0.024338,0.091674,0.112156,0.08326,NA,NA,NA,NA,NA,NA,NA,NA
"150",472,0.027364,NA,NA,0.50832,NA,NA,0.042096,NA,NA,0.129772,NA,NA,0.145996,0.0237,0.020476,0.004508,NA,NA,NA,NA,NA,NA,NA,NA,0.036026,NA,NA,0.673988,NA,NA,0.0613,NA,NA,0.178724,NA,NA,0.231616,0.023402,0.03936,0.008432,NA,NA,NA,NA,NA,NA,NA,NA
"151",473,0.16544,NA,NA,0.527836,NA,NA,0.109248,NA,NA,0.361444,NA,NA,0.016792,0.02124,0.242556,0.049136,NA,NA,NA,NA,NA,NA,NA,NA,0.318254,NA,NA,0.64198,NA,NA,0.234832,NA,NA,0.53024,NA,NA,0.05152,0.057294,0.244458,0.071142,NA,NA,NA,NA,NA,NA,NA,NA
"152",474,0.175824,NA,NA,0.617428,NA,NA,0.130716,NA,NA,0.321036,NA,NA,0.018336,0.030756,0.16864,0.006928,NA,NA,NA,NA,NA,NA,NA,NA,0.294672,NA,NA,0.705686,NA,NA,0.233874,NA,NA,0.433418,NA,NA,0.042302,0.034174,0.21436,0.016192,NA,NA,NA,NA,NA,NA,NA,NA
"153",484,0.19678,NA,NA,0.445212,NA,NA,0.043328,NA,NA,0.04144,NA,NA,0.087188,0.091856,0.150328,0.03574,NA,NA,NA,NA,NA,NA,NA,NA,0.36176,NA,NA,0.52761,NA,NA,0.084212,NA,NA,0.074268,NA,NA,0.192542,0.193478,0.15761,0.046952,NA,NA,NA,NA,NA,NA,NA,NA
"154",485,0.188104,NA,NA,0.453636,NA,NA,0.040212,NA,NA,0.097892,NA,NA,0.02256,0.065812,0.109524,0.101408,NA,NA,NA,NA,NA,NA,NA,NA,0.3151,NA,NA,0.724618,NA,NA,0.095218,NA,NA,0.122046,NA,NA,0.082292,0.089158,0.158738,0.313416,NA,NA,NA,NA,NA,NA,NA,NA
"155",514,0.149692,NA,NA,0.454804,NA,NA,0.029956,NA,NA,0.07422,NA,NA,0.061416,0.088364,0.272344,0.012632,NA,NA,NA,NA,NA,NA,NA,NA,0.332474,NA,NA,0.577242,NA,NA,0.094754,NA,NA,0.110542,NA,NA,0.167182,0.19503,0.272976,0.022726,NA,NA,NA,NA,NA,NA,NA,NA
"156",524,0.1277,NA,NA,0.232192,NA,NA,0.04328,NA,NA,0.129908,NA,NA,0.04352,0.147856,0.183092,0.07058,NA,NA,NA,NA,NA,NA,NA,NA,0.255032,NA,NA,0.395214,NA,NA,0.123972,NA,NA,0.198462,NA,NA,0.114086,0.371472,0.296994,0.07814,NA,NA,NA,NA,NA,NA,NA,NA
"157",528,0.06268,NA,NA,0.093136,NA,NA,0.100688,NA,NA,0.048992,NA,NA,0.010644,0.029676,0.153808,0.015984,NA,NA,NA,NA,NA,NA,NA,NA,0.099952,NA,NA,0.130792,NA,NA,0.155342,NA,NA,0.073566,NA,NA,0.010212,0.058844,0.231318,0.025822,NA,NA,NA,NA,NA,NA,NA,NA
"158",900,0.4063,NA,NA,0.217984,NA,NA,0.08254,NA,NA,0.060836,NA,NA,0.022936,0.231668,0.223984,0.010604,NA,NA,NA,NA,NA,NA,NA,NA,0.48972,NA,NA,0.28178,NA,NA,0.125814,NA,NA,0.069764,NA,NA,0.038294,0.344868,0.255202,0.019502,NA,NA,NA,NA,NA,NA,NA,NA
"159",910,0.241132,NA,NA,0.803184,NA,NA,0.08154,NA,NA,0.282432,NA,NA,0.010096,0.022584,0.036528,0.005888,NA,NA,NA,NA,NA,NA,NA,NA,0.371454,NA,NA,0.79805,NA,NA,0.16085,NA,NA,0.375138,NA,NA,0.014668,0.05163,0.08024,0.020516,NA,NA,NA,NA,NA,NA,NA,NA
"160",1079,0.438276,NA,NA,0.102664,NA,NA,0.1342,NA,NA,0.14602,NA,NA,0.064512,0.1268,0.028376,0.052448,NA,NA,NA,NA,NA,NA,NA,NA,0.593774,NA,NA,0.159754,NA,NA,0.240178,NA,NA,0.201762,NA,NA,0.080542,0.184326,0.048524,0.075368,NA,NA,NA,NA,NA,NA,NA,NA
